# Host: 127.0.0.1  (Version: 5.1.70-community)
# Date: 2015-02-09 23:47:01
# Generator: MySQL-Front 5.3  (Build 2.42)

/*!40101 SET @OLD_CHARACTER_SET_CLIENT=@@CHARACTER_SET_CLIENT */;
/*!40101 SET @OLD_CHARACTER_SET_RESULTS=@@CHARACTER_SET_RESULTS */;
/*!40101 SET @OLD_COLLATION_CONNECTION=@@COLLATION_CONNECTION */;
/*!40101 SET NAMES utf8 */;
/*!40101 SET @OLD_SQL_MODE=@@SQL_MODE */;
/*!40101 SET SQL_MODE='STRICT_TRANS_TABLES,NO_AUTO_CREATE_USER,NO_ENGINE_SUBSTITUTION' */;
/*!40111 SET @OLD_SQL_NOTES=@@SQL_NOTES */;
/*!40103 SET SQL_NOTES='ON' */;
/*!40014 SET @OLD_UNIQUE_CHECKS=@@UNIQUE_CHECKS */;
/*!40014 SET UNIQUE_CHECKS=0 */;
/*!40014 SET @OLD_FOREIGN_KEY_CHECKS=@@FOREIGN_KEY_CHECKS */;
/*!40014 SET FOREIGN_KEY_CHECKS=0 */;

DROP DATABASE IF EXISTS `laundry`;
CREATE DATABASE `laundry` /*!40100 DEFAULT CHARACTER SET latin1 */;
USE `laundry`;

#
# Source for table "administrators"
#

DROP TABLE IF EXISTS `administrators`;
CREATE TABLE `administrators` (
  `user_id` int(11) NOT NULL AUTO_INCREMENT,
  `user_name` varchar(50) DEFAULT NULL,
  `email` varchar(50) DEFAULT NULL,
  `company_id` int(11) DEFAULT NULL,
  PRIMARY KEY (`user_id`)
) ENGINE=InnoDB AUTO_INCREMENT=142 DEFAULT CHARSET=utf8;

#
# Data for table "administrators"
#

INSERT INTO `administrators` VALUES (98,'kkxd','tangjun@fuego.cn',1),(141,'客服人员1','123456@qq.com',1);

#
# Source for table "advertisement"
#

DROP TABLE IF EXISTS `advertisement`;
CREATE TABLE `advertisement` (
  `ad_id` int(11) NOT NULL AUTO_INCREMENT,
  `ad_name` varchar(50) DEFAULT NULL,
  `ad_info` varchar(255) DEFAULT NULL,
  `ad_url` varchar(50) DEFAULT NULL,
  `ad_img` varchar(50) DEFAULT NULL,
  `company_id` int(11) DEFAULT NULL,
  PRIMARY KEY (`ad_id`)
) ENGINE=InnoDB AUTO_INCREMENT=7 DEFAULT CHARSET=utf8;

#
# Data for table "advertisement"
#

INSERT INTO `advertisement` VALUES (1,'HOME_AD',NULL,NULL,'advertisement/advertisement_img1.jpg',1),(2,'HOME_AD',NULL,NULL,'advertisement/advertisement_img2.jpg',1),(3,'HOME_AD',NULL,NULL,'advertisement/advertisement_img3.jpg',1),(4,'HELP_AD',NULL,NULL,'advertisement/help1.jpg',1),(5,'HELP_AD',NULL,NULL,'advertisement/help2.jpg',1),(6,'HELP_AD',NULL,NULL,'advertisement/help3.jpg',1);

#
# Source for table "customer"
#

DROP TABLE IF EXISTS `customer`;
CREATE TABLE `customer` (
  `user_id` int(11) NOT NULL AUTO_INCREMENT,
  `customer_name` varchar(50) DEFAULT NULL,
  `phone` varchar(20) DEFAULT NULL,
  `addr` varchar(255) DEFAULT NULL,
  `birthday` date DEFAULT NULL,
  `score` int(11) DEFAULT NULL,
  `level` varchar(20) DEFAULT NULL,
  `nickname` varchar(50) DEFAULT NULL,
  `status` varchar(20) DEFAULT NULL,
  `user_name` varchar(20) DEFAULT NULL,
  `company_id` int(11) DEFAULT NULL,
  `customer_email` varchar(255) DEFAULT NULL,
  `customer_sex` varchar(20) DEFAULT NULL,
  `customer_img` varchar(255) DEFAULT NULL,
  `card_number` varchar(50) DEFAULT NULL,
  PRIMARY KEY (`user_id`)
) ENGINE=InnoDB AUTO_INCREMENT=147 DEFAULT CHARSET=utf8;

#
# Data for table "customer"
#

INSERT INTO `customer` VALUES (133,'哈哈哈哈哈','18603036649','广东省深圳市宝安区电站路128','1991-12-03',0,NULL,'快客小艾',NULL,'18603036649',1,'42718121@qq.com','男',NULL,'11231241'),(140,'阿里山','1231299088','深圳市保安求溜达了就螺丝钉解放了圣诞节士','1987-01-27',21,NULL,'昵称',NULL,'123123dlk',1,'2222#@dd.com','男',NULL,'12123434534'),(142,'马骕骦','18885901888','广东省深圳市宝安区电站路128','1986-04-12',0,NULL,'',NULL,'18885901888',1,'139085998@qq.com','男',NULL,'123456'),(143,NULL,'15117331983','未设置',NULL,NULL,NULL,NULL,NULL,'15117331983',1,NULL,NULL,NULL,NULL),(144,NULL,'18550075727','未设置',NULL,NULL,NULL,NULL,NULL,'18550075727',1,NULL,NULL,NULL,NULL),(145,'把','18620783584','未设置','0000-00-00',0,NULL,NULL,NULL,'18620783584',1,'','男',NULL,NULL),(146,NULL,'18224956631','未设置',NULL,NULL,NULL,NULL,NULL,'18224956631',1,NULL,NULL,NULL,NULL);

#
# Source for table "delivery_info"
#

DROP TABLE IF EXISTS `delivery_info`;
CREATE TABLE `delivery_info` (
  `delivery_info_id` int(11) NOT NULL AUTO_INCREMENT,
  `user_id` int(11) DEFAULT NULL,
  `delivery_addr` varchar(255) DEFAULT NULL,
  `take_addr` varchar(255) DEFAULT NULL,
  `delivery_time` varchar(50) DEFAULT NULL,
  `take_time` varchar(50) DEFAULT NULL,
  `contact_name` varchar(20) DEFAULT NULL,
  `phone` varchar(20) DEFAULT NULL,
  PRIMARY KEY (`delivery_info_id`)
) ENGINE=InnoDB DEFAULT CHARSET=utf8;

#
# Data for table "delivery_info"
#


#
# Source for table "order"
#

DROP TABLE IF EXISTS `order`;
CREATE TABLE `order` (
  `order_id` int(11) NOT NULL AUTO_INCREMENT,
  `order_code` varchar(50) DEFAULT NULL,
  `order_name` varchar(20) DEFAULT NULL,
  `user_id` int(11) DEFAULT NULL,
  `create_time` datetime DEFAULT NULL,
  `confirm_time` datetime DEFAULT NULL,
  `end_time` datetime DEFAULT NULL,
  `pay_option` varchar(20) DEFAULT NULL,
  `order_status` varchar(20) DEFAULT NULL,
  `handler_id` int(11) DEFAULT NULL,
  `operater_name` varchar(20) DEFAULT NULL,
  `order_type` varchar(20) DEFAULT NULL,
  `total_price` float(12,2) DEFAULT NULL,
  `total_count` int(11) DEFAULT NULL,
  `order_note` varchar(255) DEFAULT NULL,
  `user_name` varchar(20) DEFAULT NULL,
  `delivery_addr` varchar(255) DEFAULT NULL,
  `take_addr` varchar(255) DEFAULT NULL,
  `delivery_time` varchar(10) DEFAULT NULL,
  `take_time` varchar(100) DEFAULT NULL,
  `contact_name` varchar(20) DEFAULT NULL,
  `phone` varchar(20) DEFAULT NULL,
  `company_id` int(11) DEFAULT NULL,
  `price_type` varchar(50) DEFAULT NULL,
  PRIMARY KEY (`order_id`)
) ENGINE=InnoDB AUTO_INCREMENT=123562 DEFAULT CHARSET=utf8;

#
# Data for table "order"
#

INSERT INTO `order` VALUES (123476,'1501151159249854',NULL,120,'2015-01-15 11:59:24',NULL,NULL,'送衣付款','已完成',0,NULL,'正常下单',115.00,3,'','18603036649',NULL,NULL,NULL,NULL,NULL,NULL,1,NULL),(123477,'1501151159288721',NULL,120,'2015-01-15 11:59:28',NULL,NULL,'送衣付款','已下单',0,NULL,'正常下单',115.00,3,'','18603036649',NULL,NULL,NULL,NULL,NULL,NULL,1,NULL),(123478,'1501151159513264',NULL,120,'2015-01-15 11:59:51',NULL,NULL,'送衣付款','已下单',0,NULL,'正常下单',115.00,3,'','18603036649',NULL,NULL,NULL,NULL,NULL,NULL,1,NULL),(123479,'1501151204437413',NULL,120,'2015-01-15 12:04:43',NULL,NULL,'送衣付款','已下单',0,NULL,'正常下单',115.00,3,'','18603036649',NULL,NULL,NULL,NULL,NULL,NULL,1,NULL),(123480,'1501151204517612',NULL,120,'2015-01-15 12:04:51',NULL,NULL,'送衣付款','已下单',0,NULL,'正常下单',115.00,3,'','18603036649',NULL,NULL,NULL,NULL,NULL,NULL,1,NULL),(123481,'1501151205326107',NULL,120,'2015-01-15 12:05:32',NULL,NULL,'送衣付款','已下单',0,NULL,'正常下单',115.00,3,'','18603036649',NULL,NULL,NULL,NULL,NULL,NULL,1,NULL),(123482,'1501151210362550',NULL,120,'2015-01-15 12:10:36',NULL,NULL,'送衣付款','已下单',0,NULL,'正常下单',115.00,3,'','18603036649',NULL,NULL,NULL,NULL,NULL,NULL,1,NULL),(123483,'1501151215237984',NULL,120,'2015-01-15 12:15:23',NULL,NULL,'送衣付款','已下单',0,NULL,'正常下单',115.00,3,'','18603036649',NULL,NULL,NULL,NULL,NULL,NULL,1,NULL),(123484,'1501151242432744',NULL,120,'2015-01-15 12:42:43',NULL,NULL,'送衣付款','已下单',0,NULL,'正常下单',293.00,6,'','18603036649',NULL,NULL,NULL,NULL,NULL,NULL,1,NULL),(123485,'1501151242469597',NULL,120,'2015-01-15 12:42:46',NULL,NULL,'送衣付款','已下单',0,NULL,'正常下单',293.00,6,'','18603036649',NULL,NULL,NULL,NULL,NULL,NULL,1,NULL),(123486,'1501151242521686',NULL,120,'2015-01-15 12:42:52',NULL,NULL,'送衣付款','已下单',0,NULL,'正常下单',293.00,6,'','18603036649',NULL,NULL,NULL,NULL,NULL,NULL,1,NULL),(123487,'1501151242532263',NULL,120,'2015-01-15 12:42:53',NULL,NULL,'送衣付款','已下单',0,NULL,'正常下单',293.00,6,'','18603036649',NULL,NULL,NULL,NULL,NULL,NULL,1,NULL),(123488,'1501151242537849',NULL,120,'2015-01-15 12:42:53',NULL,NULL,'送衣付款','已下单',0,NULL,'正常下单',293.00,6,'','18603036649',NULL,NULL,NULL,NULL,NULL,NULL,1,NULL),(123489,'1501151242538833',NULL,120,'2015-01-15 12:42:53',NULL,NULL,'送衣付款','已下单',0,NULL,'正常下单',293.00,6,'','18603036649',NULL,NULL,NULL,NULL,NULL,NULL,1,NULL),(123490,'1501162334279321',NULL,120,'2015-01-16 23:34:27',NULL,NULL,'送衣付款','已下单',0,NULL,'正常下单',68.00,6,'','18603036649',NULL,'未设置急急急计划',NULL,NULL,'刚刚好你刚刚好玩儿','18603036649',1,NULL),(123491,'1501162334328135',NULL,120,'2015-01-16 23:34:32',NULL,NULL,'送衣付款','已下单',0,NULL,'正常下单',68.00,6,'','18603036649',NULL,'未设置急急急计划',NULL,NULL,'刚刚好你刚刚好玩儿','18603036649',1,NULL),(123492,'1501162342024235',NULL,120,'2015-01-16 23:42:02',NULL,NULL,'送衣付款','已下单',0,NULL,'正常下单',350.00,2,'','18603036649',NULL,'未设置急急急计划',NULL,NULL,'刚刚好你刚刚好玩儿','18603036649',1,NULL),(123493,'1501162342044436',NULL,120,'2015-01-16 23:42:04',NULL,NULL,'送衣付款','已完成',0,NULL,'正常下单',350.00,2,'','18603036649',NULL,'未设置急急急计划',NULL,NULL,'刚刚好你刚刚好玩儿','18603036649',1,NULL),(123494,'1501192339278606',NULL,120,'2015-01-19 23:39:27',NULL,NULL,'送衣付款','已下单',0,NULL,'正常下单',480.00,5,'','18603036649','未设置急急急计划','未设置急急急计划',NULL,NULL,'刚刚好你刚刚好玩儿','18603036649',1,NULL),(123495,'1501291429017421','洗衣',133,'2015-01-29 14:29:01',NULL,NULL,'送衣付款','已下单',0,NULL,'正常下单',8.00,1,'',NULL,'未设置','未设置',NULL,NULL,NULL,'18603036649',1,'固定'),(123496,'1501291536547796','洗衣',133,'2015-01-29 15:36:54',NULL,NULL,'送衣付款','已下单',0,NULL,'正常下单',10.00,1,'',NULL,'未设置','未设置',NULL,NULL,NULL,'18603036649',1,'固定'),(123497,'1501291830051952','洗衣',133,'2015-01-29 18:30:05',NULL,NULL,'送衣付款','已下单',0,NULL,'正常下单',10.00,1,'','18603036649','未设置','未设置',NULL,NULL,'','18603036649',1,'固定'),(123498,'1501292241213006','洗衣',138,'2015-01-29 22:41:21',NULL,NULL,'送衣付款','已下单',0,NULL,'正常下单',80.00,3,'','13926005532','广东省深圳市宝安区东环一路','广东省深圳市宝安区东环一路',NULL,NULL,'李永雷','13926005532',1,'固定'),(123499,'1501292353225384','洗衣',133,'2015-01-29 23:53:22',NULL,NULL,'送衣付款','已下单',0,NULL,'正常下单',0.00,1,'','18603036649','广东省深圳市宝安区东环一路','广东省深圳市宝安区东环一路',NULL,NULL,'','18603036649',1,'面议'),(123500,'1501300016434473','洗衣',133,'2015-01-30 00:16:43',NULL,NULL,'送衣付款','已下单',0,NULL,'正常下单',12.00,1,'','18603036649','广东省深圳市宝安区东环一路','广东省深圳市宝安区东环一路',NULL,NULL,'','18603036649',1,'固定'),(123501,'1501300032462393','洗衣',133,'2015-01-30 00:32:46',NULL,NULL,'送衣付款','已下单',0,NULL,'正常下单',298.01,15,'','18603036649','广东省深圳市宝安区东环一路','广东省深圳市宝安区东环一路',NULL,NULL,'','18603036649',1,'固定'),(123502,'1501301616403027','洗衣',133,'2015-01-30 16:16:40',NULL,NULL,'送衣付款','已下单',0,NULL,'正常下单',360.01,2,'','18603036649','广东省深圳市宝安区东环一路','广东省深圳市宝安区东环一路',NULL,NULL,'','18603036649',1,'固定'),(123503,'1501301715566460','洗衣',133,'2015-01-30 17:15:56',NULL,NULL,'送衣付款','已下单',0,NULL,'正常下单',55.00,2,'','18603036649','广东省深圳市宝安区东环一路','广东省深圳市宝安区东环一路',NULL,NULL,'','18603036649',1,'固定'),(123504,'1501301747328928','洗衣',133,'2015-01-30 17:47:32',NULL,NULL,'在线支付','待付款',0,NULL,'正常下单',15.00,1,'jjjk','18603036649','广东省深圳市宝安区东环一路','广东省深圳市宝安区东环一路',NULL,NULL,'hhh','18603036649',1,'固定'),(123505,'1501301827337533','洗衣',133,'2015-01-30 18:27:33',NULL,NULL,'送衣付款','已下单',0,NULL,'正常下单',2400.00,8,'','18603036649','广东省深圳市宝安区东环一路','广东省深圳市宝安区东环一路',NULL,NULL,'','18603036649',1,'固定'),(123506,'1501301838273013','洗衣',133,'2015-01-30 18:38:27',NULL,NULL,'送衣付款','已下单',0,NULL,'正常下单',5860.00,21,'','18603036649','广东省深圳市宝安区东环一路','广东省深圳市宝安区东环一路',NULL,NULL,'','18603036649',1,'固定'),(123507,'1501301850288418','洗衣',138,'2015-01-30 18:50:28',NULL,NULL,'送衣付款','已下单',0,NULL,'正常下单',360.00,2,'','13926005532','广东省深圳市宝安区东环一路','广东省深圳市宝安区东环一路',NULL,NULL,'李永雷','13926005532',1,'面议'),(123508,'1501301902558463','洗衣',138,'2015-01-30 19:02:55',NULL,NULL,'送衣付款','已下单',0,NULL,'正常下单',55.01,4,'','13926005532','广东省深圳市宝安区东环一路','广东省深圳市宝安区东环一路',NULL,NULL,'李永雷','13926005532',1,'固定'),(123509,'1501301916587059','洗衣',138,'2015-01-30 19:16:58',NULL,NULL,'在线支付','待付款',0,NULL,'正常下单',40.00,4,'','13926005532','广东省深圳市宝安区东环一路','广东省深圳市宝安区东环一路',NULL,NULL,'李永雷','13926005532',1,'固定'),(123510,'1501301918188158','洗衣',138,'2015-01-30 19:18:18',NULL,NULL,'送衣付款','已下单',0,NULL,'正常下单',0.00,0,'','13926005532','广东省深圳市宝安区东环一路','广东省深圳市宝安区东环一路',NULL,NULL,'李永雷','13926005532',1,'固定'),(123511,'1501301921422923','洗衣',138,'2015-01-30 19:21:42',NULL,NULL,'送衣付款','已下单',0,NULL,'直接下单',40.01,3,'','13926005532','广东省深圳市宝安区东环一路','广东省深圳市宝安区东环一路',NULL,NULL,'李永雷','13926005532',1,'固定'),(123512,'1501302143359325','洗衣',133,'2015-01-30 21:43:35',NULL,NULL,'送衣付款','已下单',0,NULL,'直接下单',405.00,15,'','18603036649','广东省深圳市宝安区电站路128','广东省深圳市宝安区电站路128',NULL,NULL,'','18603036649',1,'面议'),(123513,'1501302144571833','洗衣',133,'2015-01-30 21:44:57',NULL,NULL,'送衣付款','已下单',0,NULL,'直接下单',20.00,1,'','18603036649','广东省深圳市宝安区电站路128','广东省深圳市宝安区电站路128',NULL,NULL,'','18603036649',1,'面议'),(123514,'1501302145079724','洗衣',133,'2015-01-30 21:45:07',NULL,NULL,'送衣付款','已下单',0,NULL,'直接下单',18.00,1,'','18603036649','广东省深圳市宝安区电站路128','广东省深圳市宝安区电站路128',NULL,NULL,'','18603036649',1,'面议'),(123515,'1501302148079329','洗衣',133,'2015-01-30 21:48:07',NULL,NULL,'送衣付款','已下单',0,NULL,'正常下单',35.00,2,'','18603036649','广东省深圳市宝安区电站路128','广东省深圳市宝安区电站路128',NULL,NULL,'','18603036649',1,'固定'),(123516,'1501302149424467','洗衣',133,'2015-01-30 21:49:42',NULL,NULL,'送衣付款','已下单',0,NULL,'正常下单',1108.00,21,'','18603036649','广东省深圳市宝安区电站路128','广东省深圳市宝安区电站路128',NULL,NULL,'','18603036649',1,'固定'),(123517,'1501311635306139','洗衣',133,'2015-01-31 16:35:30',NULL,NULL,'送衣付款','已下单',0,NULL,'正常下单',38.00,4,'','18603036649','广东省深圳市宝安区电站路128','广东省深圳市宝安区电站路128',NULL,NULL,'你好','18603036649',1,'固定'),(123518,'1501311638378725','洗衣',133,'2015-01-31 16:38:37',NULL,NULL,'在线支付','待付款',0,NULL,'正常下单',35.00,2,'','18603036649','广东省深圳市宝安区电站路128','广东省深圳市宝安区电站路128',NULL,NULL,'唐军','1860303664',1,'固定'),(123520,'1501311704395587','洗衣',142,'2015-01-31 17:04:39',NULL,NULL,'送衣付款','已完成',0,NULL,'正常下单',18.00,2,'','18885901888','未设置','未设置',NULL,NULL,NULL,'18885901888',1,'固定'),(123521,'1501311708003054','洗衣',143,'2015-01-31 17:08:00',NULL,NULL,'在线支付','待付款',0,NULL,'正常下单',167.00,6,'','15117331983','未设置','未设置',NULL,NULL,NULL,'15117331983',1,'固定'),(123522,'1501312304595910','洗衣',133,'2015-01-31 23:04:59',NULL,NULL,'送衣付款','已完成',0,NULL,'正常下单',55.00,2,'','18603036649','广东省深圳市宝安区电站路128','广东省深圳市宝安区电站路128',NULL,NULL,'唐军','18603036649',1,'固定'),(123523,'1501312309245302','洗衣',133,'2015-01-31 23:09:24',NULL,NULL,'送衣付款','已完成',0,NULL,'直接下单',0.00,0,'','18603036649','广东省深圳市宝安区电站路128','广东省深圳市宝安区电站路128',NULL,NULL,'唐军','18603036649',1,'面议'),(123524,'1502012111265391',NULL,144,'2015-02-01 21:11:26',NULL,NULL,NULL,'已下单',NULL,NULL,'正常下单',65.00,4,NULL,NULL,'qq','我','','','sc','18550075727',1,NULL),(123525,'1502012122173222',NULL,144,'2015-02-01 21:22:17',NULL,NULL,NULL,'已下单',NULL,NULL,'正常下单',30.00,2,NULL,NULL,'','','','','','18550075727',1,NULL),(123526,'1502012255549723',NULL,144,'2015-02-01 22:55:54',NULL,NULL,NULL,'已下单',NULL,NULL,'正常下单',70.00,6,NULL,NULL,'','','','','','18550075727',1,NULL),(123527,'1502012301069992',NULL,120,'2015-02-01 23:01:06',NULL,NULL,NULL,'已下单',NULL,NULL,'正常下单',1450.00,13,NULL,NULL,'','','','','','18603036649',1,NULL),(123528,'1502020918084099',NULL,133,'2015-02-02 09:18:08',NULL,NULL,NULL,'已下单',NULL,NULL,'正常下单',240.00,12,NULL,NULL,'','','','','','18603036649',1,NULL),(123529,'1502021132308315',NULL,138,'2015-02-02 11:32:30',NULL,NULL,NULL,'已下单',NULL,NULL,'正常下单',35.00,2,NULL,NULL,'','中国广东省深圳市宝安区大浪街道龙华和平路电话卡施工技术条件大开大合可是感觉身体呢','','','萨芬好F就是她就是她就是她身体的国际诗歌','13926005532',1,NULL),(123530,'1502021143148616',NULL,138,'2015-02-02 11:43:14',NULL,NULL,NULL,'已下单',NULL,NULL,'正常下单',15.00,2,NULL,NULL,'','','','','','13926005532',1,NULL),(123531,'1502021314276475','洗衣',144,'2015-02-02 13:14:27',NULL,NULL,'在线支付','待付款',0,NULL,'正常下单',228.00,15,'洗衣在线支付','18550075727','未设置','未设置',NULL,NULL,NULL,'18550075727',1,'固定'),(123532,'1502021330152743','洗衣',142,'2015-02-02 13:30:15',NULL,NULL,'在线支付','待付款',0,NULL,'正常下单',106.00,18,'洗衣在线支付','18885901888','广东省深圳市宝安区电站路128','广东省深圳市宝安区电站路128',NULL,NULL,'马骕骦','18885901888',1,'面议'),(123533,'1502021330552733','洗衣',142,'2015-02-02 13:30:55',NULL,NULL,'送衣付款','已下单',0,NULL,'正常下单',50.00,3,'洗衣在线支付','18885901888','广东省深圳市宝安区电站路128','广东省深圳市宝安区电站路128',NULL,NULL,'马骕骦','18885901888',1,'面议'),(123534,'1502021504463542','洗衣',133,'2015-02-02 15:04:46',NULL,NULL,'送衣付款','已下单',0,NULL,'正常下单',40.00,2,'洗衣在线支付','18603036649','广东省深圳市宝安8','广东省深圳市宝安8',NULL,NULL,'唐林','18603036649',1,'固定'),(123535,'1502021519406620',NULL,138,'2015-02-02 15:19:40',NULL,NULL,NULL,'已下单',NULL,NULL,'正常下单',588.00,30,NULL,NULL,'','','','','','13926005532',1,NULL),(123536,'1502021519541772','洗衣',142,'2015-02-02 15:19:54',NULL,NULL,'送衣付款','已下单',0,NULL,'正常下单',1760.00,6,'洗衣在线支付','18885901888','广东省深圳市宝安区电站路128','广东省深圳市宝安区电站路128',NULL,NULL,'马骕骦','18885901888',1,'固定'),(123537,'1502021521593638',NULL,138,'2015-02-02 15:21:59',NULL,NULL,NULL,'已下单',NULL,NULL,'正常下单',80.00,4,NULL,NULL,'','','','','','13926005532',1,NULL),(123538,'1502021529004364','洗衣',133,'2015-02-02 15:29:00',NULL,NULL,'送衣付款','已下单',0,NULL,'正常下单',170.00,5,'洗衣在线支付','18603036649','广东省深圳市宝安8','广东省深圳市宝安8',NULL,NULL,'唐林','18603036649',1,'固定'),(123540,'1502021530338278','洗衣',144,'2015-02-02 15:30:33',NULL,NULL,'送衣付款','已下单',0,NULL,'正常下单',70.00,3,'洗衣在线支付','18550075727','未设置','未设置',NULL,NULL,NULL,'18550075727',1,'固定'),(123541,'1502021531055869','洗衣',144,'2015-02-02 15:31:05',NULL,NULL,'送衣付款','已下单',0,NULL,'正常下单',160.00,2,'洗衣在线支付','18550075727','未设置','未设置',NULL,NULL,NULL,'18550075727',1,'固定'),(123542,'1502021531399678','洗衣',144,'2015-02-02 15:31:39',NULL,NULL,'在线支付','待付款',0,NULL,'正常下单',20.00,2,'洗衣在线支付','18550075727','未设置','未设置',NULL,NULL,NULL,'18550075727',1,'固定'),(123543,'1502021540569641',NULL,144,'2015-02-02 15:40:56',NULL,NULL,NULL,'已下单',NULL,NULL,'正常下单',80.00,2,NULL,NULL,'','','','','','18550075727',1,NULL),(123544,'1502021541512698',NULL,144,'2015-02-02 15:41:51',NULL,NULL,NULL,'已下单',NULL,NULL,'正常下单',190.00,3,NULL,NULL,'','','','','','18550075727',1,NULL),(123545,'1502021544429130','洗衣',133,'2015-02-02 15:44:42',NULL,NULL,'送衣付款','已下单',0,NULL,'正常下单',0.02,1,'洗衣在线支付','18603036649','广东省深圳市宝安8','广东省深圳市宝安8',NULL,NULL,'唐林','18603036649',1,'固定'),(123546,'1502021545516076','洗衣',133,'2015-02-02 15:45:51',NULL,NULL,'送衣付款','已取消',0,NULL,'正常下单',50.00,2,'洗衣在线支付','18603036649','广东省深圳市宝安8','广东省深圳市宝安8',NULL,NULL,'唐林','18603036649',1,'固定'),(123547,'1502021549453624',NULL,144,'2015-02-02 15:49:45',NULL,NULL,NULL,'已下单',NULL,NULL,'正常下单',500.00,2,NULL,NULL,'','','','','','18550075727',1,NULL),(123548,'1502021550509677',NULL,144,'2015-02-02 15:50:50',NULL,NULL,NULL,'已作废',NULL,NULL,'正常下单',205.00,5,NULL,NULL,'','','','','','18550075727',1,NULL),(123549,'1502021551391587',NULL,144,'2015-02-02 15:51:39',NULL,NULL,NULL,'已下单',NULL,NULL,'正常下单',10.00,1,NULL,NULL,'','','','','','18550075727',1,NULL),(123550,'1502021552239505',NULL,144,'2015-02-02 15:52:23',NULL,NULL,NULL,'已取消',NULL,NULL,'正常下单',10.00,1,NULL,NULL,'','','','','','18550075727',1,NULL),(123551,'1502021554285627',NULL,144,'2015-02-02 15:54:28',NULL,NULL,NULL,'已下单',NULL,NULL,'正常下单',10.00,1,NULL,NULL,'','','','','','18550075727',1,NULL),(123552,'1502021556499721',NULL,144,'2015-02-02 15:56:49',NULL,NULL,NULL,'已取消',NULL,NULL,'正常下单',10.00,1,NULL,NULL,'','','','','','18550075727',1,NULL),(123553,'1502021608227391','洗衣',142,'2015-02-02 16:08:22',NULL,NULL,'送衣付款','已下单',0,NULL,'直接下单',0.00,0,'洗衣在线支付','18885901888','广东省深圳市宝安区电站路128','广东省深圳市宝安区电站路128',NULL,NULL,'马骕骦','18885901888',1,'面议'),(123556,'1502021627032729',NULL,144,'2015-02-02 16:27:03',NULL,NULL,NULL,'已取消',NULL,NULL,'正常下单',15.00,1,NULL,NULL,'','','','','','18550075727',1,NULL),(123557,'1502022236485406','洗衣',133,'2015-02-02 22:36:48',NULL,NULL,'送衣付款','已完成',0,NULL,'正常下单',176.00,3,NULL,'18603036649','广东省深圳市宝安区电站路128','广东省深圳市宝安区电站路128',NULL,NULL,'唐山','18603036649',1,'固定'),(123558,'1502022237087732','洗衣',133,'2015-02-02 22:37:08',NULL,NULL,'在线支付','待付款',0,NULL,'正常下单',160.00,1,NULL,'18603036649','广东省深圳市宝安区电站路128','广东省深圳市宝安区电站路128',NULL,NULL,'唐山','18603036649',1,'固定'),(123559,'1502022238202273','洗衣',133,'2015-02-02 22:38:20',NULL,NULL,'在线支付','待付款',0,NULL,'正常下单',4.00,1,NULL,'18603036649','广东省深圳市宝安区电站路128','广东省深圳市宝安区电站路128',NULL,NULL,'唐山','18603036649',1,'固定'),(123560,'1502091230373747','洗衣',133,'2015-02-09 12:30:37',NULL,NULL,'送衣付款','已下单',0,NULL,'正常下单',5440.00,36,NULL,'18603036649','广东省深圳市宝安区电站路128','广东省深圳市宝安区电站路128',NULL,NULL,'哈哈哈哈哈','18603036649',1,'固定'),(123561,'1502091232088575','洗衣',133,'2015-02-09 12:32:08',NULL,NULL,'送衣付款','处理中',0,NULL,'正常下单',40.00,2,NULL,'18603036649','广东省深圳市宝安区电站路128','广东省深圳市宝安区电站路128',NULL,NULL,'哈哈哈哈哈','18603036649',1,'固定');

#
# Source for table "order_detail"
#

DROP TABLE IF EXISTS `order_detail`;
CREATE TABLE `order_detail` (
  `order_detail_id` int(11) NOT NULL AUTO_INCREMENT,
  `order_id` int(11) DEFAULT NULL,
  `product_id` int(11) DEFAULT NULL,
  `quantity` int(11) DEFAULT NULL,
  `product_name` varchar(50) DEFAULT NULL,
  `product_type` varchar(50) DEFAULT NULL,
  `product_describe` varchar(255) DEFAULT NULL,
  `original_price` float(10,2) DEFAULT NULL,
  `current_price` float(10,2) DEFAULT NULL,
  `product_img` varchar(50) DEFAULT NULL,
  `product_status` varchar(20) DEFAULT NULL,
  `product_update_time` datetime DEFAULT NULL,
  `product_limit_time` datetime DEFAULT NULL,
  `detail_info` varchar(255) DEFAULT NULL,
  `price_type` varchar(50) DEFAULT NULL,
  PRIMARY KEY (`order_detail_id`)
) ENGINE=InnoDB AUTO_INCREMENT=275 DEFAULT CHARSET=utf8;

#
# Data for table "order_detail"
#

INSERT INTO `order_detail` VALUES (3,123469,37,1,'西裤',NULL,NULL,NULL,NULL,NULL,NULL,NULL,NULL,NULL,NULL),(4,123469,38,1,'休闲裤',NULL,NULL,NULL,NULL,NULL,NULL,NULL,NULL,NULL,NULL),(5,123470,37,1,'西裤',NULL,NULL,NULL,NULL,NULL,NULL,NULL,NULL,NULL,NULL),(6,123470,38,1,'休闲裤',NULL,NULL,NULL,NULL,NULL,NULL,NULL,NULL,NULL,NULL),(7,123471,37,1,'西裤',NULL,NULL,NULL,NULL,NULL,NULL,NULL,NULL,NULL,NULL),(8,123471,38,1,'休闲裤',NULL,NULL,NULL,NULL,NULL,NULL,NULL,NULL,NULL,NULL),(9,123472,37,1,'西裤',NULL,NULL,NULL,NULL,NULL,NULL,NULL,NULL,NULL,NULL),(10,123472,38,1,'休闲裤',NULL,NULL,NULL,NULL,NULL,NULL,NULL,NULL,NULL,NULL),(11,123473,30,1,'棉衣/羽绒服（短）',NULL,NULL,NULL,NULL,NULL,NULL,NULL,NULL,NULL,NULL),(12,123473,31,1,'大衣（短）',NULL,NULL,NULL,NULL,NULL,NULL,NULL,NULL,NULL,NULL),(13,123474,30,1,'棉衣/羽绒服（短）',NULL,NULL,NULL,NULL,NULL,NULL,NULL,NULL,NULL,NULL),(14,123474,31,1,'大衣（短）',NULL,NULL,NULL,NULL,NULL,NULL,NULL,NULL,NULL,NULL),(15,123475,33,1,'连衣裙',NULL,NULL,NULL,NULL,NULL,NULL,NULL,NULL,NULL,NULL),(16,123475,32,1,'风衣',NULL,NULL,NULL,NULL,NULL,NULL,NULL,NULL,NULL,NULL),(17,123475,31,4,'大衣（短）',NULL,NULL,NULL,NULL,NULL,NULL,NULL,NULL,NULL,NULL),(18,123475,36,4,'夹克',NULL,NULL,NULL,NULL,NULL,NULL,NULL,NULL,NULL,NULL),(19,123475,35,1,'运动衣/卫衣',NULL,NULL,NULL,NULL,NULL,NULL,NULL,NULL,NULL,NULL),(20,123476,76,1,'大衣（短）',NULL,NULL,NULL,NULL,NULL,NULL,NULL,NULL,NULL,NULL),(21,123476,78,1,'礼服',NULL,NULL,NULL,NULL,NULL,NULL,NULL,NULL,NULL,NULL),(22,123476,80,1,'风衣',NULL,NULL,NULL,NULL,NULL,NULL,NULL,NULL,NULL,NULL),(23,123477,76,1,'大衣（短）',NULL,NULL,NULL,NULL,NULL,NULL,NULL,NULL,NULL,NULL),(24,123477,78,1,'礼服',NULL,NULL,NULL,NULL,NULL,NULL,NULL,NULL,NULL,NULL),(25,123477,80,1,'风衣',NULL,NULL,NULL,NULL,NULL,NULL,NULL,NULL,NULL,NULL),(26,123478,76,1,'大衣（短）',NULL,NULL,NULL,NULL,NULL,NULL,NULL,NULL,NULL,NULL),(27,123478,78,1,'礼服',NULL,NULL,NULL,NULL,NULL,NULL,NULL,NULL,NULL,NULL),(28,123478,80,1,'风衣',NULL,NULL,NULL,NULL,NULL,NULL,NULL,NULL,NULL,NULL),(29,123479,76,1,'大衣（短）',NULL,NULL,NULL,NULL,NULL,NULL,NULL,NULL,NULL,NULL),(30,123479,78,1,'礼服',NULL,NULL,NULL,NULL,NULL,NULL,NULL,NULL,NULL,NULL),(31,123479,80,1,'风衣',NULL,NULL,NULL,NULL,NULL,NULL,NULL,NULL,NULL,NULL),(32,123480,76,1,'大衣（短）',NULL,NULL,NULL,NULL,NULL,NULL,NULL,NULL,NULL,NULL),(33,123480,78,1,'礼服',NULL,NULL,NULL,NULL,NULL,NULL,NULL,NULL,NULL,NULL),(34,123480,80,1,'风衣',NULL,NULL,NULL,NULL,NULL,NULL,NULL,NULL,NULL,NULL),(35,123481,76,1,'大衣（短）',NULL,NULL,NULL,NULL,NULL,NULL,NULL,NULL,NULL,NULL),(36,123481,78,1,'礼服',NULL,NULL,NULL,NULL,NULL,NULL,NULL,NULL,NULL,NULL),(37,123481,80,1,'风衣',NULL,NULL,NULL,NULL,NULL,NULL,NULL,NULL,NULL,NULL),(38,123482,76,1,'大衣（短）',NULL,NULL,NULL,NULL,NULL,NULL,NULL,NULL,NULL,NULL),(39,123482,78,1,'礼服',NULL,NULL,NULL,NULL,NULL,NULL,NULL,NULL,NULL,NULL),(40,123482,80,1,'风衣',NULL,NULL,NULL,NULL,NULL,NULL,NULL,NULL,NULL,NULL),(41,123483,76,1,'大衣（短）',NULL,NULL,NULL,NULL,NULL,NULL,NULL,NULL,NULL,NULL),(42,123483,78,1,'礼服',NULL,NULL,NULL,NULL,NULL,NULL,NULL,NULL,NULL,NULL),(43,123484,76,1,'大衣（短）',NULL,NULL,NULL,NULL,NULL,NULL,NULL,NULL,NULL,NULL),(44,123484,78,1,'礼服',NULL,NULL,NULL,NULL,NULL,NULL,NULL,NULL,NULL,NULL),(45,123484,77,1,'棉衣/羽绒服',NULL,NULL,NULL,NULL,NULL,NULL,NULL,NULL,NULL,NULL),(46,123484,79,1,'大衣',NULL,NULL,NULL,NULL,NULL,NULL,NULL,NULL,NULL,NULL),(47,123484,81,1,'新大衣',NULL,NULL,NULL,NULL,NULL,NULL,NULL,NULL,NULL,NULL),(48,123484,80,1,'风衣',NULL,NULL,NULL,NULL,NULL,NULL,NULL,NULL,NULL,NULL),(49,123485,76,1,'大衣（短）',NULL,NULL,NULL,NULL,NULL,NULL,NULL,NULL,NULL,NULL),(50,123485,78,1,'礼服',NULL,NULL,NULL,NULL,NULL,NULL,NULL,NULL,NULL,NULL),(51,123485,77,1,'棉衣/羽绒服',NULL,NULL,NULL,NULL,NULL,NULL,NULL,NULL,NULL,NULL),(52,123485,79,1,'大衣',NULL,NULL,NULL,NULL,NULL,NULL,NULL,NULL,NULL,NULL),(53,123485,81,1,'新大衣',NULL,NULL,NULL,NULL,NULL,NULL,NULL,NULL,NULL,NULL),(54,123485,80,1,'风衣',NULL,NULL,NULL,NULL,NULL,NULL,NULL,NULL,NULL,NULL),(55,123486,76,1,'大衣（短）',NULL,NULL,NULL,NULL,NULL,NULL,NULL,NULL,NULL,NULL),(56,123486,78,1,'礼服',NULL,NULL,NULL,NULL,NULL,NULL,NULL,NULL,NULL,NULL),(57,123486,77,1,'棉衣/羽绒服',NULL,NULL,NULL,NULL,NULL,NULL,NULL,NULL,NULL,NULL),(58,123486,79,1,'大衣',NULL,NULL,NULL,NULL,NULL,NULL,NULL,NULL,NULL,NULL),(59,123486,81,1,'新大衣',NULL,NULL,NULL,NULL,NULL,NULL,NULL,NULL,NULL,NULL),(60,123486,80,1,'风衣',NULL,NULL,NULL,NULL,NULL,NULL,NULL,NULL,NULL,NULL),(61,123487,76,1,'大衣（短）',NULL,NULL,NULL,NULL,NULL,NULL,NULL,NULL,NULL,NULL),(62,123487,78,1,'礼服',NULL,NULL,NULL,NULL,NULL,NULL,NULL,NULL,NULL,NULL),(63,123487,77,1,'棉衣/羽绒服',NULL,NULL,NULL,NULL,NULL,NULL,NULL,NULL,NULL,NULL),(64,123487,79,1,'大衣',NULL,NULL,NULL,NULL,NULL,NULL,NULL,NULL,NULL,NULL),(65,123487,81,1,'新大衣',NULL,NULL,NULL,NULL,NULL,NULL,NULL,NULL,NULL,NULL),(66,123487,80,1,'风衣',NULL,NULL,NULL,NULL,NULL,NULL,NULL,NULL,NULL,NULL),(67,123488,76,1,'大衣（短）',NULL,NULL,NULL,NULL,NULL,NULL,NULL,NULL,NULL,NULL),(68,123488,78,1,'礼服',NULL,NULL,NULL,NULL,NULL,NULL,NULL,NULL,NULL,NULL),(69,123488,77,1,'棉衣/羽绒服',NULL,NULL,NULL,NULL,NULL,NULL,NULL,NULL,NULL,NULL),(70,123488,79,1,'大衣',NULL,NULL,NULL,NULL,NULL,NULL,NULL,NULL,NULL,NULL),(71,123488,81,1,'新大衣',NULL,NULL,NULL,NULL,NULL,NULL,NULL,NULL,NULL,NULL),(72,123488,80,1,'风衣',NULL,NULL,NULL,NULL,NULL,NULL,NULL,NULL,NULL,NULL),(73,123489,76,1,'大衣（短）',NULL,NULL,NULL,NULL,NULL,NULL,NULL,NULL,NULL,NULL),(74,123489,78,1,'礼服',NULL,NULL,NULL,NULL,NULL,NULL,NULL,NULL,NULL,NULL),(75,123489,77,1,'棉衣/羽绒服',NULL,NULL,NULL,NULL,NULL,NULL,NULL,NULL,NULL,NULL),(76,123489,79,1,'大衣',NULL,NULL,NULL,NULL,NULL,NULL,NULL,NULL,NULL,NULL),(77,123489,81,1,'新大衣',NULL,NULL,NULL,NULL,NULL,NULL,NULL,NULL,NULL,NULL),(78,123489,80,1,'风衣',NULL,NULL,NULL,NULL,NULL,NULL,NULL,NULL,NULL,NULL),(79,123490,130,3,'休闲裤',NULL,NULL,NULL,NULL,NULL,NULL,NULL,NULL,NULL,NULL),(80,123490,132,1,'中裤',NULL,NULL,NULL,NULL,NULL,NULL,NULL,NULL,NULL,NULL),(81,123490,131,1,'西裤',NULL,NULL,NULL,NULL,NULL,NULL,NULL,NULL,NULL,NULL),(82,123490,134,1,'沙滩裤',NULL,NULL,NULL,NULL,NULL,NULL,NULL,NULL,NULL,NULL),(83,123491,130,3,'休闲裤',NULL,NULL,NULL,NULL,NULL,NULL,NULL,NULL,NULL,NULL),(84,123491,132,1,'中裤',NULL,NULL,NULL,NULL,NULL,NULL,NULL,NULL,NULL,NULL),(85,123491,131,1,'西裤',NULL,NULL,NULL,NULL,NULL,NULL,NULL,NULL,NULL,NULL),(86,123491,134,1,'沙滩裤',NULL,NULL,NULL,NULL,NULL,NULL,NULL,NULL,NULL,NULL),(87,123492,100,1,'皮草（兔毛/短）',NULL,NULL,NULL,NULL,NULL,NULL,NULL,NULL,NULL,NULL),(88,123492,101,1,'皮草（兔毛/长）',NULL,NULL,NULL,NULL,NULL,NULL,NULL,NULL,NULL,NULL),(89,123493,100,1,'皮草（兔毛/短）',NULL,NULL,NULL,NULL,NULL,NULL,NULL,NULL,NULL,NULL),(90,123493,101,1,'皮草（兔毛/长）',NULL,NULL,NULL,NULL,NULL,NULL,NULL,NULL,NULL,NULL),(91,123494,139,1,'运动鞋',NULL,NULL,0.00,20.00,NULL,NULL,NULL,NULL,NULL,NULL),(92,123494,143,1,'卡包',NULL,NULL,0.00,20.00,NULL,NULL,NULL,NULL,NULL,NULL),(93,123494,145,1,'双肩包',NULL,NULL,0.00,40.00,NULL,NULL,NULL,NULL,NULL,NULL),(94,123494,151,1,'汽车坐垫（平毛垫）',NULL,NULL,0.00,240.00,NULL,NULL,NULL,NULL,NULL,NULL),(95,123494,153,1,'汽车坐垫（养生坐垫）',NULL,NULL,0.00,160.00,NULL,NULL,NULL,NULL,NULL,NULL),(96,123495,127,1,'短裙（薄）',NULL,'',0.00,8.00,'54b91e98b4415.png',NULL,NULL,NULL,NULL,'固定'),(97,123496,84,1,'床罩（薄）',NULL,'',0.00,10.00,'54b8dbc5cda54.png',NULL,NULL,NULL,NULL,'固定'),(98,123497,84,1,'床罩（薄）',NULL,'',0.00,10.00,'54b8dbc5cda54.png',NULL,NULL,NULL,NULL,'固定'),(99,123498,115,1,'大衣（短）',NULL,'',0.00,25.00,'54b91b3d8610f.png',NULL,NULL,NULL,NULL,'固定'),(100,123498,113,1,'棉衣/羽绒服（短）',NULL,'',0.00,25.00,'54b91b0d03d22.png',NULL,NULL,NULL,NULL,'固定'),(101,123498,119,1,'风衣',NULL,'',0.00,30.00,'54b91b952630c.png',NULL,NULL,NULL,NULL,'固定'),(102,123499,155,1,'测试产品',NULL,'123123',0.00,0.00,'54c76bbaea197.png',NULL,NULL,NULL,NULL,'面议'),(103,123500,137,1,'铅笔裤',NULL,'',0.00,12.00,'54b91f4fee8e0.png',NULL,NULL,NULL,NULL,'固定'),(104,123501,82,1,'床单（薄）',NULL,'',0.00,0.01,'54b8db9d8c5f8.png',NULL,NULL,NULL,NULL,'固定'),(105,123501,124,1,'羊毛衫',NULL,'',0.00,15.00,'54b91beece666.png',NULL,NULL,NULL,NULL,'固定'),(106,123501,122,1,'开衫',NULL,'',0.00,15.00,'54b91bc753042.png',NULL,NULL,NULL,NULL,'固定'),(107,123501,120,1,'西装',NULL,'',0.00,18.00,'54b91ba38d43c.png',NULL,NULL,NULL,NULL,'固定'),(108,123501,118,1,'冲锋衣',NULL,'',0.00,25.00,'54b91b7fc3a58.png',NULL,NULL,NULL,NULL,'固定'),(109,123501,114,1,'棉衣/羽绒服（长）',NULL,'',0.00,30.00,'54b91b20cff1d.png',NULL,NULL,NULL,NULL,'固定'),(110,123501,113,1,'棉衣/羽绒服（短）',NULL,'',0.00,25.00,'54b91b0d03d22.png',NULL,NULL,NULL,NULL,'固定'),(111,123501,115,1,'大衣（短）',NULL,'',0.00,25.00,'54b91b3d8610f.png',NULL,NULL,NULL,NULL,'固定'),(112,123501,116,1,'大衣（长）',NULL,'',0.00,30.00,'54b91b4c618b3.png',NULL,NULL,NULL,NULL,'固定'),(113,123501,117,1,'牛仔衣',NULL,'',0.00,15.00,'54b91b716a558.png',NULL,NULL,NULL,NULL,'固定'),(114,123501,119,1,'风衣',NULL,'',0.00,30.00,'54b91b952630c.png',NULL,NULL,NULL,NULL,'固定'),(115,123501,123,1,'羊绒衫',NULL,'',0.00,20.00,'54b91be1aa3fd.png',NULL,NULL,NULL,NULL,'固定'),(116,123501,121,1,'夹克',NULL,'',0.00,20.00,'54b91bbc11d67.png',NULL,NULL,NULL,NULL,'固定'),(117,123501,125,1,'运动衣/卫衣',NULL,'',0.00,20.00,'54b91c144236f.png',NULL,NULL,NULL,NULL,'固定'),(118,123501,126,1,'T恤',NULL,'',0.00,10.00,'54b91c3f4e9f3.png',NULL,NULL,NULL,NULL,'固定'),(119,123502,82,1,'床单（薄）',NULL,'',0.00,0.01,'54b8db9d8c5f8.png',NULL,NULL,NULL,NULL,'固定'),(120,123502,149,1,'汽车坐垫（珠子垫）',NULL,'',0.00,360.00,'54b92454f031d.png',NULL,NULL,NULL,NULL,'固定'),(121,123503,115,1,'大衣（短）',NULL,'',0.00,25.00,'54b91b3d8610f.png',NULL,NULL,NULL,NULL,'固定'),(122,123503,119,1,'风衣',NULL,'',0.00,30.00,'54b91b952630c.png',NULL,NULL,NULL,NULL,'固定'),(123,123504,88,1,'靠垫（中）',NULL,'',0.00,15.00,'54b8ad64d08ce.png',NULL,NULL,NULL,NULL,'固定'),(124,123505,151,4,'汽车坐垫（平毛垫）',NULL,'',0.00,240.00,'54b924b7c4b68.png',NULL,NULL,NULL,NULL,'固定'),(125,123505,149,4,'汽车坐垫（珠子垫）',NULL,'',0.00,360.00,'54b92454f031d.png',NULL,NULL,NULL,NULL,'固定'),(126,123506,152,1,'汽车坐垫（短毛垫）',NULL,'',0.00,260.00,'54b924cad219c.png',NULL,NULL,NULL,NULL,'固定'),(127,123506,150,20,'汽车坐垫（长毛垫）',NULL,'',0.00,280.00,'54b9248bed521.png',NULL,NULL,NULL,NULL,'固定'),(128,123507,149,1,'汽车坐垫（珠子垫）',NULL,'',0.00,360.00,'54b92454f031d.png',NULL,NULL,NULL,NULL,'固定'),(129,123507,155,1,'测试产品',NULL,'123123',0.00,0.00,'54c76bbaea197.png',NULL,NULL,NULL,NULL,'面议'),(130,123508,82,1,'床单（薄）','床单（薄）','',0.00,0.01,'54b8db9d8c5f8.png',NULL,NULL,NULL,NULL,'固定'),(131,123508,86,1,'挂毯/平方','挂毯/平方','',0.00,10.00,'54b8ad3327dbb.png',NULL,NULL,NULL,NULL,'固定'),(132,123508,92,1,'毛绒玩具','毛绒玩具','',0.00,30.00,'54b8adb26c906.png',NULL,NULL,NULL,NULL,'固定'),(133,123508,88,1,'靠垫（中）','靠垫（中）','',0.00,15.00,'54b8ad64d08ce.png',NULL,NULL,NULL,NULL,'固定'),(134,123509,86,4,'挂毯/平方','挂毯/平方','',0.00,10.00,'54b8ad3327dbb.png',NULL,NULL,NULL,NULL,'固定'),(135,123515,117,1,'牛仔衣','牛仔衣','',0.00,15.00,'54b91b716a558.png',NULL,NULL,NULL,NULL,'固定'),(136,123515,121,1,'夹克','夹克','',0.00,20.00,'54b91bbc11d67.png',NULL,NULL,NULL,NULL,'固定'),(137,123516,122,1,'开衫','开衫','',0.00,15.00,'54b91bc753042.png',NULL,NULL,NULL,NULL,'固定'),(138,123516,124,1,'羊毛衫','羊毛衫','',0.00,15.00,'54b91beece666.png',NULL,NULL,NULL,NULL,'固定'),(139,123516,126,1,'T恤','T恤','',0.00,10.00,'54b91c3f4e9f3.png',NULL,NULL,NULL,NULL,'固定'),(140,123516,125,1,'运动衣/卫衣','运动衣/卫衣','',0.00,20.00,'54b91c144236f.png',NULL,NULL,NULL,NULL,'固定'),(141,123516,123,1,'羊绒衫','羊绒衫','',0.00,20.00,'54b91be1aa3fd.png',NULL,NULL,NULL,NULL,'固定'),(142,123516,120,1,'西装','西装','',0.00,18.00,'54b91ba38d43c.png',NULL,NULL,NULL,NULL,'固定'),(143,123516,117,1,'牛仔衣','牛仔衣','',0.00,15.00,'54b91b716a558.png',NULL,NULL,NULL,NULL,'固定'),(144,123516,118,1,'冲锋衣','冲锋衣','',0.00,25.00,'54b91b7fc3a58.png',NULL,NULL,NULL,NULL,'固定'),(145,123516,116,1,'大衣（长）','大衣（长）','',0.00,30.00,'54b91b4c618b3.png',NULL,NULL,NULL,NULL,'固定'),(146,123516,115,1,'大衣（短）','大衣（短）','',0.00,25.00,'54b91b3d8610f.png',NULL,NULL,NULL,NULL,'固定'),(147,123516,113,1,'棉衣/羽绒服（短）','棉衣/羽绒服（短）','',0.00,25.00,'54b91b0d03d22.png',NULL,NULL,NULL,NULL,'固定'),(148,123516,114,1,'棉衣/羽绒服（长）','棉衣/羽绒服（长）','',0.00,30.00,'54b91b20cff1d.png',NULL,NULL,NULL,NULL,'固定'),(149,123516,109,1,'皮夹克','皮夹克','',0.00,100.00,'54b912ab89a6b.png',NULL,NULL,NULL,NULL,'固定'),(150,123516,107,1,'彩皮大衣（短）','彩皮大衣（短）','',0.00,100.00,'54b91278d2ebf.png',NULL,NULL,NULL,NULL,'固定'),(151,123516,105,1,'PU装','PU装','',0.00,30.00,'54b9123e8c0c0.png',NULL,NULL,NULL,NULL,'固定'),(152,123516,103,1,'彩色皮裤','彩色皮裤','',0.00,80.00,'54b9120f57c05.png',NULL,NULL,NULL,NULL,'固定'),(153,123516,108,1,'皮风衣','皮风衣','',0.00,150.00,'54b9129662f04.png',NULL,NULL,NULL,NULL,'固定'),(154,123516,110,1,'披马甲','披马甲','',0.00,80.00,'54b912c6c18d5.png',NULL,NULL,NULL,NULL,'固定'),(155,123516,112,1,'皮手套','皮手套','',0.00,20.00,'54b912fecb8fe.png',NULL,NULL,NULL,NULL,'固定'),(156,123516,106,1,'黑皮大衣（长）','黑皮大衣（长）','',0.00,200.00,'54b912650ee30.png',NULL,NULL,NULL,NULL,'固定'),(157,123516,104,1,'皮上衣','皮上衣','',0.00,100.00,'54b912308a8d1.png',NULL,NULL,NULL,NULL,'固定'),(158,123517,129,1,'热裤','热裤','',0.00,8.00,'54b91ec78241b.png',NULL,NULL,NULL,NULL,'固定'),(159,123517,130,1,'休闲裤','休闲裤','',0.00,12.00,'54b91ed7237fa.png',NULL,NULL,NULL,NULL,'固定'),(160,123517,127,1,'短裙（薄）','短裙（薄）','',0.00,8.00,'54b91e98b4415.png',NULL,NULL,NULL,NULL,'固定'),(161,123517,128,1,'短裙（厚）','短裙（厚）','',0.00,10.00,'54b91eb5e1e96.png',NULL,NULL,NULL,NULL,'固定'),(162,123518,88,1,'靠垫（中）','靠垫（中）','',0.00,15.00,'54b8ad64d08ce.png',NULL,NULL,NULL,NULL,'固定'),(163,123518,89,1,'靠垫（大）','靠垫（大）','',0.00,20.00,'54b8ad74f0aed.png',NULL,NULL,NULL,NULL,'固定'),(167,123520,134,1,'沙滩裤','沙滩裤','',0.00,10.00,'54b91f1b72a8d.png',NULL,NULL,NULL,NULL,'固定'),(168,123520,129,1,'热裤','热裤','',0.00,8.00,'54b91ec78241b.png',NULL,NULL,NULL,NULL,'固定'),(169,123521,126,1,'T恤','T恤','',0.00,10.00,'54b91c3f4e9f3.png',NULL,NULL,NULL,NULL,'固定'),(170,123521,135,1,'睡裤','睡裤','',0.00,12.00,'54b91f30bb643.png',NULL,NULL,NULL,NULL,'固定'),(171,123521,110,1,'披马甲','披马甲','',0.00,80.00,'54b912c6c18d5.png',NULL,NULL,NULL,NULL,'固定'),(172,123521,145,1,'双肩包','双肩包','',0.00,40.00,'54b9233da7948.png',NULL,NULL,NULL,NULL,'固定'),(173,123521,94,1,'帽子','帽子','',0.00,10.00,'54b8add68fef0.png',NULL,NULL,NULL,NULL,'固定'),(174,123521,124,1,'羊毛衫','羊毛衫','',0.00,15.00,'54b91beece666.png',NULL,NULL,NULL,NULL,'固定'),(175,123522,119,1,'风衣','风衣','',0.00,30.00,'54b91b952630c.png',NULL,NULL,NULL,NULL,'固定'),(176,123522,115,1,'大衣（短）','大衣（短）','',0.00,25.00,'54b91b3d8610f.png',NULL,NULL,NULL,NULL,'固定'),(177,123524,NULL,1,'T恤','1',NULL,NULL,10.00,'54b91c3f4e9f3.png',NULL,NULL,NULL,NULL,NULL),(178,123524,NULL,1,'羊毛衫','1',NULL,NULL,15.00,'54b91beece666.png',NULL,NULL,NULL,NULL,NULL),(179,123524,NULL,1,'羊绒衫','1',NULL,NULL,20.00,'54b91be1aa3fd.png',NULL,NULL,NULL,NULL,NULL),(180,123524,NULL,1,'运动衣/卫衣','1',NULL,NULL,20.00,'54b91c144236f.png',NULL,NULL,NULL,NULL,NULL),(181,123525,NULL,1,'运动衣/卫衣','1',NULL,NULL,20.00,'54b91c144236f.png',NULL,NULL,NULL,NULL,NULL),(182,123525,NULL,1,'T恤','1',NULL,NULL,10.00,'54b91c3f4e9f3.png',NULL,NULL,NULL,NULL,NULL),(183,123526,NULL,5,'T恤','1',NULL,NULL,10.00,'54b91c3f4e9f3.png',NULL,NULL,NULL,NULL,NULL),(184,123526,NULL,1,'运动衣/卫衣','1',NULL,NULL,20.00,'54b91c144236f.png',NULL,NULL,NULL,NULL,NULL),(185,123527,NULL,7,'彩皮大衣（短）','3',NULL,NULL,100.00,'54b91278d2ebf.png',NULL,NULL,NULL,NULL,NULL),(186,123527,NULL,3,'皮风衣','3',NULL,NULL,150.00,'54b9129662f04.png',NULL,NULL,NULL,NULL,NULL),(187,123527,NULL,3,'皮夹克','3',NULL,NULL,100.00,'54b912ab89a6b.png',NULL,NULL,NULL,NULL,NULL),(188,123528,NULL,5,'羊绒衫','1',NULL,NULL,20.00,'54b91be1aa3fd.png',NULL,NULL,NULL,NULL,NULL),(189,123528,NULL,3,'运动衣/卫衣','1',NULL,NULL,20.00,'54b91c144236f.png',NULL,NULL,NULL,NULL,NULL),(190,123528,NULL,4,'夹克','1',NULL,NULL,20.00,'54b91bbc11d67.png',NULL,NULL,NULL,NULL,NULL),(191,123529,NULL,1,'羊毛衫','1',NULL,NULL,15.00,'54b91beece666.png',NULL,NULL,NULL,NULL,NULL),(192,123529,NULL,1,'羊绒衫','1',NULL,NULL,20.00,'54b91be1aa3fd.png',NULL,NULL,NULL,NULL,NULL),(193,123530,NULL,1,'羊毛衫','1',NULL,NULL,15.00,'54b91beece666.png',NULL,NULL,NULL,NULL,NULL),(194,123530,NULL,1,'奢侈品护理','5',NULL,NULL,0.00,'54cee30bc191d.png',NULL,NULL,NULL,NULL,NULL),(195,123531,126,1,'T恤','T恤','',0.00,10.00,'54b91c3f4e9f3.png',NULL,NULL,NULL,NULL,'固定'),(196,123531,125,1,'运动衣/卫衣','运动衣/卫衣','',0.00,20.00,'54b91c144236f.png',NULL,NULL,NULL,NULL,'固定'),(197,123531,124,9,'羊毛衫','羊毛衫','',0.00,15.00,'54b91beece666.png',NULL,NULL,NULL,NULL,'固定'),(198,123531,123,1,'羊绒衫','羊绒衫','',0.00,20.00,'54b91be1aa3fd.png',NULL,NULL,NULL,NULL,'固定'),(199,123531,122,1,'开衫','开衫','',0.00,15.00,'54b91bc753042.png',NULL,NULL,NULL,NULL,'固定'),(200,123531,121,1,'夹克','夹克','',0.00,20.00,'54b91bbc11d67.png',NULL,NULL,NULL,NULL,'固定'),(201,123531,129,1,'热裤','热裤','',0.00,8.00,'54b91ec78241b.png',NULL,NULL,NULL,NULL,'固定'),(202,123532,132,1,'中裤','中裤','',0.00,10.00,'54b91efae7efe.png',NULL,NULL,NULL,NULL,'固定'),(203,123532,130,8,'休闲裤','休闲裤','',0.00,12.00,'54b91ed7237fa.png',NULL,NULL,NULL,NULL,'固定'),(204,123532,159,9,'衣服染色','衣服染色','',0.00,0.00,'54cef38a4bf7a.png',NULL,NULL,NULL,NULL,'面议'),(205,123533,119,1,'风衣','风衣','',0.00,30.00,'54b91b952630c.png',NULL,NULL,NULL,NULL,'固定'),(206,123533,121,1,'夹克','夹克','',0.00,20.00,'54b91bbc11d67.png',NULL,NULL,NULL,NULL,'固定'),(207,123533,160,1,'皮衣改色','皮衣改色','',0.00,0.00,'54cef39ceeb75.png',NULL,NULL,NULL,NULL,'面议'),(208,123534,117,1,'牛仔衣','牛仔衣','',0.00,15.00,'54b91b716a558.png',NULL,NULL,NULL,NULL,'固定'),(209,123534,113,1,'棉衣/羽绒服（短）','棉衣/羽绒服（短）','',0.00,25.00,'54b91b0d03d22.png',NULL,NULL,NULL,NULL,'固定'),(210,123535,NULL,4,'羊绒衫','1',NULL,NULL,20.00,'54b91be1aa3fd.png',NULL,NULL,NULL,NULL,NULL),(211,123535,NULL,1,'开衫','1',NULL,NULL,15.00,'54b91bc753042.png',NULL,NULL,NULL,NULL,NULL),(212,123535,NULL,1,'夹克','1',NULL,NULL,20.00,'54b91bbc11d67.png',NULL,NULL,NULL,NULL,NULL),(213,123535,NULL,1,'西装','1',NULL,NULL,18.00,'54b91ba38d43c.png',NULL,NULL,NULL,NULL,NULL),(214,123535,NULL,1,'风衣','1',NULL,NULL,30.00,'54b91b952630c.png',NULL,NULL,NULL,NULL,NULL),(215,123535,NULL,1,'羊毛衫','1',NULL,NULL,15.00,'54b91beece666.png',NULL,NULL,NULL,NULL,NULL),(216,123535,NULL,1,'T恤','1',NULL,NULL,10.00,'54b91c3f4e9f3.png',NULL,NULL,NULL,NULL,NULL),(217,123535,NULL,20,'运动衣/卫衣','1',NULL,NULL,20.00,'54b91c144236f.png',NULL,NULL,NULL,NULL,NULL),(218,123536,150,5,'汽车坐垫（长毛垫）','汽车坐垫（长毛垫）','',0.00,280.00,'54b9248bed521.png',NULL,NULL,NULL,NULL,'固定'),(219,123536,149,1,'汽车坐垫（珠子垫）','汽车坐垫（珠子垫）','',0.00,360.00,'54b92454f031d.png',NULL,NULL,NULL,NULL,'固定'),(220,123537,NULL,1,'运动衣/卫衣','1',NULL,NULL,20.00,'54b91c144236f.png',NULL,NULL,NULL,NULL,NULL),(221,123537,NULL,1,'风衣','1',NULL,NULL,30.00,'54b91b952630c.png',NULL,NULL,NULL,NULL,NULL),(222,123537,NULL,1,'羊绒衫','1',NULL,NULL,20.00,'54b91be1aa3fd.png',NULL,NULL,NULL,NULL,NULL),(223,123537,NULL,1,'T恤','1',NULL,NULL,10.00,'54b91c3f4e9f3.png',NULL,NULL,NULL,NULL,NULL),(224,123538,119,1,'风衣','风衣','',0.00,30.00,'54b91b952630c.png',NULL,NULL,NULL,NULL,'固定'),(225,123538,115,1,'大衣（短）','大衣（短）','',0.00,25.00,'54b91b3d8610f.png',NULL,NULL,NULL,NULL,'固定'),(226,123538,113,1,'棉衣/羽绒服（短）','棉衣/羽绒服（短）','',0.00,25.00,'54b91b0d03d22.png',NULL,NULL,NULL,NULL,'固定'),(227,123538,86,1,'挂毯/平方','挂毯/平方','',0.00,10.00,'54b8ad3327dbb.png',NULL,NULL,NULL,NULL,'固定'),(228,123538,90,1,'毛毯（大）','毛毯（大）','',0.00,80.00,'54b8ad8f85554.png',NULL,NULL,NULL,NULL,'固定'),(233,123540,143,1,'卡包','卡包','',0.00,20.00,'54b9231a64b46.png',NULL,NULL,NULL,NULL,'固定'),(234,123540,141,1,'户外鞋','户外鞋','',0.00,20.00,'54b922ece3bf2.png',NULL,NULL,NULL,NULL,'固定'),(235,123540,142,1,'单肩包','单肩包','',0.00,30.00,'54b922ff09dd7.png',NULL,NULL,NULL,NULL,'固定'),(236,123541,91,1,'羊毛毯','羊毛毯','',0.00,80.00,'54b8ad9d40298.png',NULL,NULL,NULL,NULL,'固定'),(237,123541,90,1,'毛毯（大）','毛毯（大）','',0.00,80.00,'54b8ad8f85554.png',NULL,NULL,NULL,NULL,'固定'),(238,123542,95,1,'披肩','披肩','',0.00,10.00,'54b8ade1e0d16.png',NULL,NULL,NULL,NULL,'固定'),(239,123542,94,1,'帽子','帽子','',0.00,10.00,'54b8add68fef0.png',NULL,NULL,NULL,NULL,'固定'),(240,123543,NULL,1,'毛绒玩具','6',NULL,NULL,50.00,'54b8adc40fa48.png',NULL,NULL,NULL,NULL,NULL),(241,123543,NULL,1,'毛绒玩具','6',NULL,NULL,30.00,'54b8adb26c906.png',NULL,NULL,NULL,NULL,NULL),(242,123544,NULL,1,'毛绒玩具','6',NULL,NULL,30.00,'54b8adb26c906.png',NULL,NULL,NULL,NULL,NULL),(243,123544,NULL,1,'羊毛毯','6',NULL,NULL,80.00,'54b8ad9d40298.png',NULL,NULL,NULL,NULL,NULL),(244,123544,NULL,1,'毛毯（大）','6',NULL,NULL,80.00,'54b8ad8f85554.png',NULL,NULL,NULL,NULL,NULL),(245,123545,82,1,'床单（薄）','床单（薄）','',0.00,0.02,'54b8db9d8c5f8.png',NULL,NULL,NULL,NULL,'固定'),(246,123546,115,1,'大衣（短）','大衣（短）','',0.00,25.00,'54b91b3d8610f.png',NULL,NULL,NULL,NULL,'固定'),(247,123546,113,1,'棉衣/羽绒服（短）','棉衣/羽绒服（短）','',0.00,25.00,'54b91b0d03d22.png',NULL,NULL,NULL,NULL,'固定'),(248,123547,NULL,1,'汽车坐垫（短毛垫）','7',NULL,NULL,260.00,'54b924cad219c.png',NULL,NULL,NULL,NULL,NULL),(249,123547,NULL,1,'汽车坐垫（平毛垫）','7',NULL,NULL,240.00,'54b924b7c4b68.png',NULL,NULL,NULL,NULL,NULL),(250,123548,NULL,1,'靠垫（大）','6',NULL,NULL,20.00,'54b8ad74f0aed.png',NULL,NULL,NULL,NULL,NULL),(251,123548,NULL,1,'羊毛毯','6',NULL,NULL,80.00,'54b8ad9d40298.png',NULL,NULL,NULL,NULL,NULL),(252,123548,NULL,1,'靠垫（中）','6',NULL,NULL,15.00,'54b8ad64d08ce.png',NULL,NULL,NULL,NULL,NULL),(253,123548,NULL,1,'挂毯/平方','6',NULL,NULL,10.00,'54b8ad3327dbb.png',NULL,NULL,NULL,NULL,NULL),(254,123548,NULL,1,'毛毯（大）','6',NULL,NULL,80.00,'54b8ad8f85554.png',NULL,NULL,NULL,NULL,NULL),(255,123549,NULL,1,'打底裤','2',NULL,NULL,10.00,'54b91f63bdcf4.png',NULL,NULL,NULL,NULL,NULL),(256,123550,NULL,1,'披肩','6',NULL,NULL,10.00,'54b8ade1e0d16.png',NULL,NULL,NULL,NULL,NULL),(257,123551,NULL,1,'T恤','1',NULL,NULL,10.00,'54b91c3f4e9f3.png',NULL,NULL,NULL,NULL,NULL),(258,123552,NULL,1,'T恤','1',NULL,NULL,10.00,'54b91c3f4e9f3.png',NULL,NULL,NULL,NULL,NULL),(262,123556,NULL,1,'羊毛衫','1',NULL,NULL,15.00,'54b91beece666.png',NULL,NULL,NULL,NULL,NULL),(263,123557,127,1,'短裙（薄）','短裙（薄）','',0.00,8.00,'54b91e98b4415.png',NULL,NULL,NULL,NULL,'固定'),(264,123557,129,1,'热裤','热裤','',0.00,8.00,'54b91ec78241b.png',NULL,NULL,NULL,NULL,'固定'),(265,123557,175,1,'养生坐垫','养生坐垫','',0.00,160.00,'54cf476f36faf.png',NULL,NULL,NULL,NULL,'固定'),(266,123558,175,1,'养生坐垫','养生坐垫','',0.00,160.00,'54cf476f36faf.png',NULL,NULL,NULL,NULL,'固定'),(267,123559,33,1,'手套（薄）','手套（薄）','',0.00,4.00,'54cf89136eaf9.png',NULL,NULL,NULL,NULL,'固定'),(268,123560,120,1,'西装','西装','',0.00,18.00,'54b91ba38d43c.png',NULL,NULL,NULL,NULL,'固定'),(269,123560,63,7,'冰丝坐垫','冰丝坐垫','',0.00,100.00,'54cf47c2cad92.png',NULL,NULL,NULL,NULL,'固定'),(270,123560,67,5,'棉坐垫','棉坐垫','',0.00,100.00,'54cf4815002ef.png',NULL,NULL,NULL,NULL,'固定'),(271,123560,61,4,'羊毛坐垫（短毛）','羊毛坐垫（短毛）','',0.00,260.00,'54cf4796cbfab.png',NULL,NULL,NULL,NULL,'固定'),(272,123560,59,20,'养生坐垫','养生坐垫','',0.00,160.00,'54cf476f36faf.png',NULL,NULL,NULL,NULL,'固定'),(273,123561,76,1,'冲风衣','冲风衣','',0.00,25.00,'54cf8dd2d9ccb.png',NULL,NULL,NULL,NULL,'固定'),(274,123561,80,1,'开衫','开衫','',0.00,15.00,'54b91bc753042.png',NULL,NULL,NULL,NULL,'固定');

#
# Source for table "order_status"
#

DROP TABLE IF EXISTS `order_status`;
CREATE TABLE `order_status` (
  `order_status_id` int(11) NOT NULL AUTO_INCREMENT,
  `order_status` varchar(20) DEFAULT NULL,
  `status_sort_id` int(11) DEFAULT NULL,
  PRIMARY KEY (`order_status_id`)
) ENGINE=InnoDB AUTO_INCREMENT=8 DEFAULT CHARSET=utf8;

#
# Data for table "order_status"
#

INSERT INTO `order_status` VALUES (1,'已下单',1),(2,'付款成功',2),(3,'处理中',3),(4,'已完成',4),(5,'待付款',5),(6,'已取消',6),(7,'已作废',7);

#
# Source for table "product"
#

DROP TABLE IF EXISTS `product`;
CREATE TABLE `product` (
  `product_id` int(11) NOT NULL AUTO_INCREMENT,
  `sort_id` int(11) DEFAULT NULL,
  `product_name` varchar(50) DEFAULT NULL,
  `type_id` int(11) DEFAULT NULL,
  `company_id` int(11) DEFAULT NULL,
  `describe` varchar(255) DEFAULT NULL,
  `original_price` float(10,2) DEFAULT NULL,
  `price` float(10,2) DEFAULT NULL,
  `img` varchar(50) DEFAULT NULL,
  `product_status` varchar(20) DEFAULT NULL,
  `update_time` datetime DEFAULT NULL,
  `end_time` datetime DEFAULT NULL,
  `detail_info` varchar(2000) DEFAULT NULL,
  `price_type` varchar(20) DEFAULT NULL,
  PRIMARY KEY (`product_id`)
) ENGINE=InnoDB AUTO_INCREMENT=188 DEFAULT CHARSET=utf8;

#
# Data for table "product"
#

INSERT INTO `product` VALUES (1,10,'床单（薄）',6,1,'',NULL,0.02,'54b8db9d8c5f8.png',NULL,NULL,NULL,NULL,'固定'),(2,20,'床单（厚）',6,1,'',NULL,0.01,'54b8dbac4244f.png',NULL,NULL,NULL,NULL,'固定'),(3,30,'床罩（薄）',6,1,'',NULL,10.00,'54b8dbc5cda54.png',NULL,NULL,NULL,NULL,'固定'),(4,40,'床罩（厚）',6,1,'',NULL,20.00,'54b8dbd2147aa.png',NULL,NULL,NULL,NULL,'固定'),(5,50,'窗帘/平方',6,1,'',NULL,8.00,'54cf81730b755.png',NULL,NULL,NULL,NULL,'固定'),(6,60,'窗帘（里沙）/平方',6,1,'',NULL,5.00,'54cf81d2c5a8f.png',NULL,NULL,NULL,NULL,'固定'),(7,70,'靠垫（中）',6,1,'',NULL,15.00,'54b8ad64d08ce.png',NULL,NULL,NULL,NULL,'固定'),(8,80,'靠垫（大）',6,1,'',NULL,20.00,'54b8ad74f0aed.png',NULL,NULL,NULL,NULL,'固定'),(9,90,'毛毯（大）',6,1,'',NULL,80.00,'54b8ad8f85554.png',NULL,NULL,NULL,NULL,'固定'),(10,100,'羊毛毯',6,1,'',NULL,80.00,'54b8ad9d40298.png',NULL,NULL,NULL,NULL,'固定'),(11,110,'毛绒玩具',6,1,'',NULL,30.00,'54b8adb26c906.png',NULL,NULL,NULL,NULL,'固定'),(12,120,'毛绒玩具',6,1,'',NULL,50.00,'54b8adc40fa48.png',NULL,NULL,NULL,NULL,'固定'),(13,130,'帽子',6,1,'',NULL,10.00,'54b8add68fef0.png',NULL,NULL,NULL,NULL,'固定'),(14,140,'披肩',6,1,'',NULL,10.00,'54b8ade1e0d16.png',NULL,NULL,NULL,NULL,'固定'),(15,150,'毛巾',6,1,'',NULL,4.00,'54cf85f953f50.png',NULL,NULL,NULL,NULL,'固定'),(16,160,'手帕',6,1,'',NULL,4.00,'54cf8604daec3.png',NULL,NULL,NULL,NULL,'固定'),(17,170,'袜子',6,1,'',NULL,5.00,'54cf8642edc56.png',NULL,NULL,NULL,NULL,'固定'),(18,180,'被套',6,1,'',NULL,20.00,'54cf8658ab1bb.png',NULL,NULL,NULL,NULL,'固定'),(19,190,'挂毯/平方',6,1,'',NULL,28.00,'54cf86a904907.png',NULL,NULL,NULL,NULL,'固定'),(20,200,'枕套（一对）',6,1,'',NULL,8.00,'54cf86f417b35.png',NULL,NULL,NULL,NULL,'固定'),(21,210,'地毯/平方',6,1,'',NULL,30.00,'54cf872dc44b5.png',NULL,NULL,NULL,NULL,'固定'),(22,220,'沙发套/坐',6,1,'',NULL,50.00,'54cf874cc2212.png',NULL,NULL,NULL,NULL,'固定'),(23,230,'靠垫（小）',6,1,'',NULL,10.00,'54cf877a29248.png',NULL,NULL,NULL,NULL,'固定'),(24,240,'毛毯（小）',6,1,'',NULL,40.00,'54cf87956b72d.png',NULL,NULL,NULL,NULL,'固定'),(25,250,'毛毯（中）',6,1,'',NULL,60.00,'54cf880d5e29c.png',NULL,NULL,NULL,NULL,'固定'),(26,260,'羊毛被',6,1,'',NULL,120.00,'54cf454572649.png',NULL,NULL,NULL,NULL,'固定'),(27,270,'蚕丝被',6,1,'',NULL,120.00,'54cf455dcf4fa.png',NULL,NULL,NULL,NULL,'固定'),(28,280,'羽绒被',6,1,'',NULL,80.00,'54cf456ddfa8c.png',NULL,NULL,NULL,NULL,'固定'),(29,290,'丝巾',6,1,'',NULL,15.00,'54cf886cca3a2.png',NULL,NULL,NULL,NULL,'固定'),(30,300,'围巾',6,1,'',NULL,20.00,'54cf8889ac33d.png',NULL,NULL,NULL,NULL,'固定'),(31,310,'桌布/平方',6,1,'',NULL,10.00,'54cf88c58dc23.png',NULL,NULL,NULL,NULL,'固定'),(32,320,'浴巾',6,1,'',NULL,10.00,'54cf88d79aace.png',NULL,NULL,NULL,NULL,'固定'),(33,330,'手套（薄）',6,1,'',NULL,4.00,'54cf89136eaf9.png',NULL,NULL,NULL,NULL,'固定'),(34,340,'手套（厚）',6,1,'',NULL,6.00,'54cf892c8abf3.png',NULL,NULL,NULL,NULL,'固定'),(35,350,'领带',6,1,'',NULL,8.00,'54cf7d1e8588c.png',NULL,NULL,NULL,NULL,'固定'),(36,360,'睡袋',6,1,'',NULL,60.00,'54cf7c96b4d68.png',NULL,NULL,NULL,NULL,'固定'),(37,370,'黑皮大衣（短）',3,1,'',NULL,100.00,'54b910f9a6fef.png',NULL,NULL,NULL,NULL,'固定'),(38,380,'黑皮大衣（中）',3,1,'',NULL,150.00,'54b91115b1888.png',NULL,NULL,NULL,NULL,'固定'),(39,390,'彩皮大衣（中）',3,1,'',NULL,150.00,'54b91131bef04.png',NULL,NULL,NULL,NULL,'固定'),(40,400,'彩皮大衣（长）',3,1,'',NULL,200.00,'54b91144e996c.png',NULL,NULL,NULL,NULL,'固定'),(41,410,'皮草（短）',3,1,'',NULL,150.00,'54cf45f2f082e.png',NULL,NULL,NULL,NULL,'固定'),(42,420,'皮草（长）',3,1,'',NULL,200.00,'54cf46008e625.png',NULL,NULL,NULL,NULL,'固定'),(43,430,'兔毛（短）',3,1,'',NULL,150.00,'54cf461d23714.png',NULL,NULL,NULL,NULL,'固定'),(44,440,'兔毛（长）',3,1,'',NULL,200.00,'54cf4630c5a6c.png',NULL,NULL,NULL,NULL,'固定'),(45,450,'皮上衣',3,1,'',NULL,100.00,'54b912308a8d1.png',NULL,NULL,NULL,NULL,'固定'),(46,460,'PU装',3,1,'',NULL,30.00,'54b9123e8c0c0.png',NULL,NULL,NULL,NULL,'固定'),(47,470,'彩色皮裤',3,1,'',NULL,80.00,'54b9120f57c05.png',NULL,NULL,NULL,NULL,'固定'),(48,480,'皮毛领',3,1,'',NULL,20.00,'54b912e6cbc5d.png',NULL,NULL,NULL,NULL,'固定'),(49,490,'黑皮大衣（长）',3,1,'',NULL,200.00,'54b912650ee30.png',NULL,NULL,NULL,NULL,'固定'),(50,500,'彩皮大衣（短）',3,1,'',NULL,100.00,'54b91278d2ebf.png',NULL,NULL,NULL,NULL,'固定'),(51,510,'皮风衣',3,1,'',NULL,150.00,'54b9129662f04.png',NULL,NULL,NULL,NULL,'固定'),(52,520,'皮夹克',3,1,'',NULL,100.00,'54b912ab89a6b.png',NULL,NULL,NULL,NULL,'固定'),(53,530,'皮草/貂毛（短）',3,1,'',NULL,380.00,'54cf8b7d6fe5a.png',NULL,NULL,NULL,NULL,'固定'),(54,540,'皮草/貂毛（长）',3,1,'',NULL,420.00,'54cf8b924f497.png',NULL,NULL,NULL,NULL,'固定'),(55,550,'皮马甲',3,1,'',NULL,80.00,'54b912c6c18d5.png',NULL,NULL,NULL,NULL,'固定'),(56,560,'黑色皮裤',3,1,'',NULL,80.00,'54b911c148d81.png',NULL,NULL,NULL,NULL,'固定'),(57,570,'皮手套',3,1,'',NULL,20.00,'54b912fecb8fe.png',NULL,NULL,NULL,NULL,'固定'),(58,580,'羊毛坐垫（长）',7,1,'',NULL,280.00,'54cf475898459.png',NULL,NULL,NULL,NULL,'固定'),(59,590,'养生坐垫',7,1,'',NULL,160.00,'54cf476f36faf.png',NULL,NULL,NULL,NULL,'固定'),(60,600,'羊毛坐垫（平毛）',7,1,'',NULL,240.00,'54cf4780bf836.png',NULL,NULL,NULL,NULL,'固定'),(61,610,'羊毛坐垫（短毛）',7,1,'',NULL,260.00,'54cf4796cbfab.png',NULL,NULL,NULL,NULL,'固定'),(62,620,'珠子坐垫',7,1,'',NULL,360.00,'54cf47ae4e8ae.png',NULL,NULL,NULL,NULL,'固定'),(63,630,'冰丝坐垫',7,1,'',NULL,100.00,'54cf47c2cad92.png',NULL,NULL,NULL,NULL,'固定'),(64,640,'亚麻坐垫',7,1,'',NULL,100.00,'54cf47d395a80.png',NULL,NULL,NULL,NULL,'固定'),(65,650,'凉坐垫',7,1,'',NULL,100.00,'54cf47f27e01c.png',NULL,NULL,NULL,NULL,'固定'),(66,660,'皮子坐垫',7,1,'',NULL,100.00,'54cf48041f089.png',NULL,NULL,NULL,NULL,'固定'),(67,670,'棉坐垫',7,1,'',NULL,100.00,'54cf4815002ef.png',NULL,NULL,NULL,NULL,'固定'),(68,680,'坐垫布套',7,1,'',NULL,100.00,'54cf4825b36f4.png',NULL,NULL,NULL,NULL,'固定'),(69,690,'棉衣（短）',1,1,'',NULL,25.00,'54cf4216d67ab.png',NULL,NULL,NULL,NULL,'固定'),(70,700,'棉衣（长）',1,1,'',NULL,30.00,'54cf42249c71a.png',NULL,NULL,NULL,NULL,'固定'),(71,710,'羽绒服（短）',1,1,'',NULL,25.00,'54cf42420afcd.png',NULL,NULL,NULL,NULL,'固定'),(72,720,'羽绒服（长）',1,1,'',NULL,30.00,'54cf425d25b5f.png',NULL,NULL,NULL,NULL,'固定'),(73,730,'大衣（短）',1,1,'',NULL,25.00,'54b91b3d8610f.png',NULL,NULL,NULL,NULL,'固定'),(74,740,'大衣（长）',1,1,'',NULL,30.00,'54b91b4c618b3.png',NULL,NULL,NULL,NULL,'固定'),(75,750,'牛仔衣',1,1,'',NULL,15.00,'54b91b716a558.png',NULL,NULL,NULL,NULL,'固定'),(76,760,'冲风衣',1,1,'',NULL,25.00,'54cf8dd2d9ccb.png',NULL,NULL,NULL,NULL,'固定'),(77,770,'风衣',1,1,'',NULL,30.00,'54b91b952630c.png',NULL,NULL,NULL,NULL,'固定'),(78,780,'西装',1,1,'',NULL,18.00,'54b91ba38d43c.png',NULL,NULL,NULL,NULL,'固定'),(79,790,'夹克',1,1,'',NULL,20.00,'54b91bbc11d67.png',NULL,NULL,NULL,NULL,'固定'),(80,800,'开衫',1,1,'',NULL,15.00,'54b91bc753042.png',NULL,NULL,NULL,NULL,'固定'),(81,810,'羊绒衫',1,1,'',NULL,20.00,'54b91be1aa3fd.png',NULL,NULL,NULL,NULL,'固定'),(82,820,'羊毛衫',1,1,'',NULL,15.00,'54b91beece666.png',NULL,NULL,NULL,NULL,'固定'),(83,830,'运动衣',1,1,'',NULL,20.00,'54cf415d2b02e.png',NULL,NULL,NULL,NULL,'固定'),(84,840,'卫衣',1,1,'',NULL,20.00,'54cf41774b3fc.png',NULL,NULL,NULL,NULL,'固定'),(85,850,'T恤',1,1,'',NULL,10.00,'54b91c3f4e9f3.png',NULL,NULL,NULL,NULL,'固定'),(86,860,'连衣裙',1,1,'',NULL,20.00,'54cf8f52e3cbc.png',NULL,NULL,NULL,NULL,'固定'),(87,870,'女士时装',1,1,'',NULL,20.00,'54cf8f602e388.png',NULL,NULL,NULL,NULL,'固定'),(88,880,'唐装',1,1,'',NULL,20.00,'54cf8fa9b8917.png',NULL,NULL,NULL,NULL,'固定'),(89,890,'旗袍',1,1,'',NULL,20.00,'54cf8fd907ca7.png',NULL,NULL,NULL,NULL,'固定'),(90,900,'睡衣（薄）',1,1,'',NULL,15.00,'54cf4353d84d7.png',NULL,NULL,NULL,NULL,'固定'),(91,910,'睡衣（厚）',1,1,'',NULL,25.00,'54cf43830468d.png',NULL,NULL,NULL,NULL,'固定'),(92,920,'睡袍（薄）',1,1,'',NULL,15.00,'54cf4368b4973.png',NULL,NULL,NULL,NULL,'固定'),(93,930,'睡袍（厚）',1,1,'',NULL,25.00,'54cf439115984.png',NULL,NULL,NULL,NULL,'固定'),(94,940,'礼服（短）',1,1,'',NULL,60.00,'54cf90a62bc95.png',NULL,NULL,NULL,NULL,'固定'),(95,950,'礼服（长）',1,1,'',NULL,120.00,'54cf90b428ec1.png',NULL,NULL,NULL,NULL,'固定'),(96,960,'婚纱（短）',1,1,'',NULL,60.00,'54cf90c3c0f8a.png',NULL,NULL,NULL,NULL,'固定'),(97,970,'婚纱（长）',1,1,'',NULL,120.00,'54cf90d5abdff.png',NULL,NULL,NULL,NULL,'固定'),(98,980,'内衣',1,1,'',NULL,10.00,'54cf919fa785b.png',NULL,NULL,NULL,NULL,'固定'),(99,990,'马甲',1,1,'',NULL,15.00,'54cf91afb5190.png',NULL,NULL,NULL,NULL,'固定'),(100,1000,'马甲（棉/羽绒）',1,1,'',NULL,20.00,'54cf924b9d5c8.png',NULL,NULL,NULL,NULL,'固定'),(101,1010,'吊带',1,1,'',NULL,10.00,'54cf93d10300b.png',NULL,NULL,NULL,NULL,'固定'),(102,1020,'衬衫',1,1,'',NULL,10.00,'54cf93de4d80b.png',NULL,NULL,NULL,NULL,'固定'),(103,1030,'短裙（薄）',2,1,'',NULL,8.00,'54b91e98b4415.png',NULL,NULL,NULL,NULL,'固定'),(104,1040,'短裙（厚）',2,1,'',NULL,10.00,'54b91eb5e1e96.png',NULL,NULL,NULL,NULL,'固定'),(105,1050,'热裤',2,1,'',NULL,8.00,'54b91ec78241b.png',NULL,NULL,NULL,NULL,'固定'),(106,1060,'休闲裤',2,1,'',NULL,12.00,'54b91ed7237fa.png',NULL,NULL,NULL,NULL,'固定'),(107,1070,'西裤',2,1,'',NULL,12.00,'54b91eecc88e2.png',NULL,NULL,NULL,NULL,'固定'),(108,1080,'中裤',2,1,'',NULL,10.00,'54b91efae7efe.png',NULL,NULL,NULL,NULL,'固定'),(109,1090,'牛仔裤',2,1,'',NULL,10.00,'54b91f0ea0f7b.png',NULL,NULL,NULL,NULL,'固定'),(110,1100,'沙滩裤',2,1,'',NULL,10.00,'54b91f1b72a8d.png',NULL,NULL,NULL,NULL,'固定'),(111,1110,'睡裤',2,1,'',NULL,12.00,'54b91f30bb643.png',NULL,NULL,NULL,NULL,'固定'),(112,1120,'运动裤',2,1,'',NULL,12.00,'54b91f3d47687.png',NULL,NULL,NULL,NULL,'固定'),(113,1130,'铅笔裤',2,1,'',NULL,12.00,'54b91f4fee8e0.png',NULL,NULL,NULL,NULL,'固定'),(114,1140,'打底裤',2,1,'',NULL,10.00,'54b91f63bdcf4.png',NULL,NULL,NULL,NULL,'固定'),(139,1150,'运动鞋',4,1,'',NULL,20.00,'54b922c3f06f8.png',NULL,NULL,NULL,NULL,'固定'),(140,1160,'雪地鞋',4,1,'',NULL,30.00,'54b922d5b8b4a.png',NULL,NULL,NULL,NULL,'固定'),(141,1170,'户外鞋',4,1,'',NULL,20.00,'54b922ece3bf2.png',NULL,NULL,NULL,NULL,'固定'),(142,1180,'单肩包',4,1,'',NULL,30.00,'54b922ff09dd7.png',NULL,NULL,NULL,NULL,'固定'),(143,1190,'卡包',4,1,'',NULL,20.00,'54b9231a64b46.png',NULL,NULL,NULL,NULL,'固定'),(144,1200,'皮鞋',4,1,'',NULL,50.00,'54b923282c3a4.png',NULL,NULL,NULL,NULL,'固定'),(145,1210,'双肩包',4,1,'',NULL,40.00,'54b9233da7948.png',NULL,NULL,NULL,NULL,'固定'),(146,1220,'钱包',4,1,'',NULL,30.00,'54b9234a57ecc.png',NULL,NULL,NULL,NULL,'固定'),(147,1230,'手提包',4,1,'',NULL,40.00,'54b9235f51905.png',NULL,NULL,NULL,NULL,'固定'),(148,1240,'拉杆箱',4,1,'',NULL,60.00,'54b9237571562.png',NULL,NULL,NULL,NULL,'固定'),(158,1250,'奢侈品护理',5,1,'',NULL,0.00,'54cee30bc191d.png',NULL,NULL,NULL,NULL,'面议'),(159,1300,'衣服染色',8,1,'',NULL,0.00,'54cef38a4bf7a.png',NULL,NULL,NULL,NULL,'面议'),(160,1310,'皮衣改色',8,1,'',NULL,0.00,'54cef39ceeb75.png',NULL,NULL,NULL,NULL,'面议'),(161,1320,'皮衣救治',8,1,'',NULL,0.00,'54cef3b257e39.png',NULL,NULL,NULL,NULL,'面议'),(187,NULL,'测试产品1',6,1,'',NULL,1.00,'54d028e8762ea.png',NULL,NULL,NULL,NULL,'固定');

#
# Source for table "product_cart"
#

DROP TABLE IF EXISTS `product_cart`;
CREATE TABLE `product_cart` (
  `cart_detail_id` int(11) NOT NULL AUTO_INCREMENT,
  `user_id` int(11) DEFAULT NULL,
  `product_id` int(11) DEFAULT NULL,
  `quantity` int(11) DEFAULT NULL,
  PRIMARY KEY (`cart_detail_id`)
) ENGINE=InnoDB DEFAULT CHARSET=utf8;

#
# Data for table "product_cart"
#


#
# Source for table "product_type"
#

DROP TABLE IF EXISTS `product_type`;
CREATE TABLE `product_type` (
  `type_id` int(11) NOT NULL AUTO_INCREMENT,
  `type_name` varchar(50) DEFAULT NULL,
  `parent_type_id` int(11) DEFAULT NULL,
  `type_img` varchar(255) DEFAULT NULL,
  PRIMARY KEY (`type_id`)
) ENGINE=InnoDB AUTO_INCREMENT=9 DEFAULT CHARSET=utf8;

#
# Data for table "product_type"
#

INSERT INTO `product_type` VALUES (1,'上装类',0,NULL),(2,'下装类',0,NULL),(3,'毛皮服饰类',0,NULL),(4,'箱包鞋类',0,NULL),(5,'奢侈品牌类',0,NULL),(6,'居家类',0,NULL),(7,'汽车配饰类',0,NULL),(8,'染色、救治',0,NULL);

#
# Source for view "view_administrators"
#

DROP VIEW IF EXISTS `view_administrators`;
CREATE VIEW `view_administrators` AS 
  select `laundry`.`administrators`.`user_id` AS `user_id`,`laundry`.`administrators`.`user_name` AS `user_name`,`laundry`.`administrators`.`email` AS `email`,`laundry`.`administrators`.`company_id` AS `company_id`,`misp`.`misp_system_user`.`role_id` AS `role_id`,`misp`.`misp_system_role`.`role_name` AS `role_name` from ((`laundry`.`administrators` join `misp`.`misp_system_user` on((`misp`.`misp_system_user`.`user_id` = `laundry`.`administrators`.`user_id`))) join `misp`.`misp_system_role` on((`misp`.`misp_system_role`.`role_id` = `misp`.`misp_system_user`.`role_id`)));

#
# Source for view "view_customer"
#

DROP VIEW IF EXISTS `view_customer`;
CREATE VIEW `view_customer` AS 
  select `laundry`.`customer`.`user_id` AS `user_id`,`laundry`.`customer`.`customer_name` AS `customer_name`,`laundry`.`customer`.`phone` AS `phone`,`laundry`.`customer`.`addr` AS `addr`,`laundry`.`customer`.`birthday` AS `birthday`,`laundry`.`customer`.`score` AS `score`,`laundry`.`customer`.`level` AS `level`,`laundry`.`customer`.`nickname` AS `nickname`,`laundry`.`customer`.`status` AS `status`,`laundry`.`customer`.`user_name` AS `user_name`,`laundry`.`customer`.`company_id` AS `company_id`,`laundry`.`customer`.`customer_email` AS `customer_email`,`laundry`.`customer`.`customer_sex` AS `customer_sex`,`laundry`.`customer`.`customer_img` AS `customer_img`,`laundry`.`customer`.`card_number` AS `card_number`,`misp`.`misp_system_user`.`role_id` AS `role_id`,`misp`.`misp_system_role`.`role_name` AS `role_name` from ((`laundry`.`customer` join `misp`.`misp_system_user` on((`misp`.`misp_system_user`.`user_id` = `laundry`.`customer`.`user_id`))) join `misp`.`misp_system_role` on((`misp`.`misp_system_role`.`role_id` = `misp`.`misp_system_user`.`role_id`)));

#
# Source for view "view_order"
#

DROP VIEW IF EXISTS `view_order`;
CREATE VIEW `view_order` AS 
  select `laundry`.`order`.`order_id` AS `order_id`,`laundry`.`order`.`order_code` AS `order_code`,`laundry`.`order`.`order_name` AS `order_name`,`laundry`.`order`.`user_id` AS `user_id`,`laundry`.`order`.`create_time` AS `create_time`,`laundry`.`order`.`confirm_time` AS `confirm_time`,`laundry`.`order`.`end_time` AS `end_time`,`laundry`.`order`.`pay_option` AS `pay_option`,`laundry`.`order`.`order_status` AS `order_status`,`laundry`.`order`.`handler_id` AS `handler_id`,`laundry`.`order`.`operater_name` AS `operater_name`,`laundry`.`order`.`order_type` AS `order_type`,`laundry`.`order`.`total_price` AS `total_price`,`laundry`.`order`.`total_count` AS `total_count`,`laundry`.`order`.`order_note` AS `order_note`,`laundry`.`order`.`user_name` AS `user_name`,`laundry`.`order`.`delivery_addr` AS `delivery_addr`,`laundry`.`order`.`take_addr` AS `take_addr`,`laundry`.`order`.`delivery_time` AS `delivery_time`,`laundry`.`order`.`take_time` AS `take_time`,`laundry`.`order`.`contact_name` AS `contact_name`,`laundry`.`order`.`phone` AS `phone`,`laundry`.`order`.`company_id` AS `company_id`,`laundry`.`order`.`price_type` AS `price_type`,`laundry`.`order_status`.`status_sort_id` AS `status_sort_id` from (`laundry`.`order` join `laundry`.`order_status` on((`laundry`.`order`.`order_status` = `laundry`.`order_status`.`order_status`)));

#
# Source for view "view_product"
#

DROP VIEW IF EXISTS `view_product`;
CREATE VIEW `view_product` AS 
  select `laundry`.`product`.`product_id` AS `product_id`,`laundry`.`product`.`sort_id` AS `sort_id`,`laundry`.`product`.`product_name` AS `product_name`,`laundry`.`product`.`type_id` AS `type_id`,`laundry`.`product`.`company_id` AS `company_id`,`laundry`.`product`.`describe` AS `describe`,`laundry`.`product`.`original_price` AS `original_price`,`laundry`.`product`.`price` AS `price`,`laundry`.`product`.`img` AS `img`,`laundry`.`product`.`product_status` AS `product_status`,`laundry`.`product`.`update_time` AS `update_time`,`laundry`.`product`.`end_time` AS `end_time`,`laundry`.`product`.`detail_info` AS `detail_info`,`laundry`.`product`.`price_type` AS `price_type`,`laundry`.`product_type`.`type_name` AS `type_name`,`laundry`.`product_type`.`parent_type_id` AS `parent_type_id` from (`laundry`.`product` join `laundry`.`product_type` on((`laundry`.`product`.`type_id` = `laundry`.`product_type`.`type_id`)));

/*!40014 SET FOREIGN_KEY_CHECKS=@OLD_FOREIGN_KEY_CHECKS */;
/*!40014 SET UNIQUE_CHECKS=@OLD_UNIQUE_CHECKS */;
/*!40111 SET SQL_NOTES=@OLD_SQL_NOTES */;
/*!40101 SET SQL_MODE=@OLD_SQL_MODE */;
/*!40101 SET CHARACTER_SET_CLIENT=@OLD_CHARACTER_SET_CLIENT */;
/*!40101 SET CHARACTER_SET_RESULTS=@OLD_CHARACTER_SET_RESULTS */;
/*!40101 SET COLLATION_CONNECTION=@OLD_COLLATION_CONNECTION */;
